,idx,y_value,x_value,lower_bound,upper_bound,area
0,30491,0.19721306546608805,0.7871078,30433,30572,2.9400820554178337
1,31624,1.0,2.77203,31585,31762,12.859004153689414
2,32318,0.29495576858435474,3.987863,32280,32331,1.6277067409806554
3,32405,0.3948504387831118,4.140277,32360,32452,4.197686267557058
4,32504,0.1955671982468363,4.31372,32452,32560,2.8535087296255326
5,32656,0.18462265391253785,4.580012,32630,32672,1.0
